category_en,orders,items,gmv_brl,avg_item_price,gmv_share_pct,avg_review,late_pct,gmv_rank
agro_industry_and_commerce,182,212,78374.07,342.12,0.5,4.027,3.93,31
air_conditioning,251,295,61436.57,185.5,0.39,4.032,4.05,34
art,201,208,28196.21,116.19,0.18,4.025,6.15,46
arts_and_craftmanship,23,24,2184.14,75.58,0.01,4.125,4.17,67
audio,349,363,56371.26,139.58,0.36,3.836,11.78,36
auto,3872,4204,678606.64,139.53,4.31,4.074,7.18,9
baby,2868,3043,478320.0,134.84,3.04,4.028,7.91,12
bed_bath_table,9399,11097,1240386.13,93.36,7.88,3.917,7.26,3
books_general_interest,505,546,54658.69,83.56,0.35,4.447,6.43,37
books_imported,53,60,5409.7,77.33,0.03,4.39,3.57,61
books_technical,260,267,23379.12,71.52,0.15,4.372,8.08,50
cds_dvds_musicals,12,14,954.99,52.14,0.01,4.667,0.0,72
christmas_supplies,127,152,12009.19,57.81,0.08,4.031,7.87,54
cine_photo,65,72,8189.66,96.3,0.05,4.182,6.25,57
computers,181,203,232799.43,1098.34,1.48,4.174,5.65,18
computers_accessories,6654,7781,1050941.58,116.22,6.68,3.999,6.32,5
consoles_games,1054,1127,174639.6,137.47,1.11,4.056,6.08,24
construction_tools_construction,746,927,165179.69,155.93,1.05,4.063,7.13,26
construction_tools_lights,243,302,47511.18,132.46,0.3,4.132,6.53,40
construction_tools_safety,165,189,43420.59,209.47,0.28,3.863,2.48,41
cool_stuff,3616,3779,704086.24,164.27,4.47,4.169,5.86,8
costruction_tools_garden,192,234,30781.89,109.2,0.2,4.085,4.81,44
costruction_tools_tools,97,103,17934.17,154.41,0.11,4.426,6.19,52
diapers_and_hygiene,26,38,2101.25,40.49,0.01,3.741,0.0,68
drinks,296,378,28100.75,59.2,0.18,4.156,5.14,47
dvds_blu_ray,57,62,5804.37,73.54,0.04,4.131,6.78,60
electronics,2543,2755,203416.77,57.02,1.29,4.088,7.66,22
fashio_female_clothing,39,48,3425.39,58.41,0.02,3.675,5.41,64
fashion_bags_accessories,1858,2025,182934.76,74.88,1.16,4.15,5.43,23
fashion_childrens_clothes,8,8,665.36,71.23,0.0,4.5,0.0,73
fashion_male_clothing,111,131,12893.45,82.05,0.08,3.639,6.03,53
fashion_shoes,238,260,28248.41,89.82,0.18,4.22,4.33,45
fashion_sport,27,30,2697.64,70.65,0.02,4.259,3.85,65
fashion_underwear_beach,121,131,11457.74,72.84,0.07,3.942,9.32,55
fixed_telephony,214,261,62414.05,221.55,0.4,3.902,4.72,33
flowers,29,33,1598.91,33.64,0.01,4.393,3.45,69
food,449,509,36496.78,57.45,0.23,4.27,7.21,42
food_drink,225,276,19608.1,54.78,0.12,4.391,3.52,51
furniture_bedroom,95,109,24661.01,183.75,0.16,4.137,6.67,49
furniture_decor,6425,8298,899626.04,87.67,5.72,3.983,6.93,6
furniture_living_room,420,501,86557.3,137.0,0.55,4.005,7.35,30
furniture_mattress_and_upholstery,38,38,5998.54,114.95,0.04,3.816,13.51,59
garden_tools,3505,4328,579525.2,111.14,3.68,4.128,6.5,10
health_beauty,8800,9634,1437665.78,130.34,9.14,4.174,7.45,1
home_appliances,762,769,94771.3,104.03,0.6,4.156,4.42,29
home_appliances_2,231,235,121055.52,470.85,0.77,4.134,6.17,27
home_comfort_2,24,30,1170.58,25.34,0.01,3.826,12.5,71
home_confort,397,434,67073.27,134.96,0.43,3.854,9.48,32
home_construction,489,603,96833.62,137.66,0.62,3.944,5.88,28
housewares,5847,6915,772035.14,90.65,4.91,4.124,5.29,7
industry_commerce_and_business,235,268,47554.29,148.02,0.3,4.205,6.75,39
kitchen_dining_laundry_garden_furniture,246,279,57905.76,165.13,0.37,4.041,4.56,35
la_cuisine,13,14,2388.54,146.79,0.02,4.25,0.0,66
luggage_accessories,1030,1088,170504.09,128.78,1.08,4.333,4.25,25
market_place,279,310,33694.53,91.25,0.21,4.028,3.96,43
music,38,38,6724.86,158.8,0.04,4.211,5.26,58
musical_instruments,620,669,206021.32,280.7,1.31,4.171,7.44,20
office_furniture,1272,1690,342073.02,161.88,2.17,3.596,7.94,15
party_supplies,39,43,5313.15,104.31,0.03,4.0,0.0,62
pc_gamer,7,8,1430.1,163.37,0.01,3.125,0.0,70
perfumery,3146,3402,450580.47,116.58,2.86,4.185,6.5,13
pet_shop,1706,1942,253176.96,110.08,1.61,4.201,4.97,17
portateis_cozinha_e_preparadores_de_alimentos,13,14,4228.05,280.97,0.03,3.429,7.69,63
security_and_services,2,2,324.51,141.65,0.0,2.5,0.0,74
signaling_and_security,140,199,28017.05,108.09,0.18,4.092,4.26,48
small_appliances,622,671,203731.5,280.04,1.29,4.166,4.75,21
small_appliances_home_oven_and_coffee,75,76,50193.57,624.29,0.32,4.303,5.48,38
sports_leisure,7673,8590,1147244.63,114.06,7.29,4.153,6.48,4
stationery,2299,2505,276152.18,91.65,1.75,4.231,6.56,16
tablets_printing_image,79,83,8754.61,90.7,0.06,4.156,5.06,56
telephony,4183,4527,393306.02,71.2,2.5,3.983,7.08,14
toys,3855,4083,556783.29,117.51,3.54,4.18,6.31,11
unknown,1437,1589,206524.29,112.38,1.31,3.905,7.21,19
watches_gifts,5604,5970,1298292.47,200.7,8.25,4.046,7.27,2
