cohort_month,cohort_size,month_number,active_customers,retention_pct
2017-01-01,752,0,752,100.0
2017-01-01,752,1,3,0.399
2017-01-01,752,2,2,0.266
2017-01-01,752,3,1,0.133
2017-01-01,752,4,3,0.399
2017-01-01,752,5,1,0.133
2017-01-01,752,6,3,0.399
2017-01-01,752,7,1,0.133
2017-01-01,752,8,1,0.133
2017-01-01,752,10,3,0.399
2017-01-01,752,11,1,0.133
2017-01-01,752,12,5,0.665
2017-01-01,752,13,3,0.399
2017-01-01,752,14,1,0.133
2017-01-01,752,15,1,0.133
2017-01-01,752,16,2,0.266
2017-01-01,752,17,3,0.399
2017-01-01,752,19,1,0.133
2017-02-01,1690,0,1690,100.0
2017-02-01,1690,1,4,0.237
2017-02-01,1690,2,5,0.296
2017-02-01,1690,3,2,0.118
2017-02-01,1690,4,7,0.414
2017-02-01,1690,5,2,0.118
2017-02-01,1690,6,4,0.237
2017-02-01,1690,7,3,0.178
2017-02-01,1690,8,3,0.178
2017-02-01,1690,9,4,0.237
2017-02-01,1690,10,2,0.118
2017-02-01,1690,11,5,0.296
2017-02-01,1690,12,3,0.178
2017-02-01,1690,13,3,0.178
2017-02-01,1690,14,2,0.118
2017-02-01,1690,15,1,0.059
2017-02-01,1690,16,1,0.059
2017-02-01,1690,17,4,0.237
2017-03-01,2571,0,2571,100.0
2017-03-01,2571,1,13,0.506
2017-03-01,2571,2,9,0.35
2017-03-01,2571,3,10,0.389
2017-03-01,2571,4,9,0.35
2017-03-01,2571,5,4,0.156
2017-03-01,2571,6,4,0.156
2017-03-01,2571,7,8,0.311
2017-03-01,2571,8,9,0.35
2017-03-01,2571,9,2,0.078
2017-03-01,2571,10,10,0.389
2017-03-01,2571,11,3,0.117
2017-03-01,2571,12,6,0.233
2017-03-01,2571,13,3,0.117
2017-03-01,2571,14,4,0.156
2017-03-01,2571,15,6,0.233
2017-03-01,2571,16,2,0.078
2017-03-01,2571,17,4,0.156
2017-04-01,2325,0,2325,100.0
2017-04-01,2325,1,14,0.602
2017-04-01,2325,2,5,0.215
2017-04-01,2325,3,4,0.172
2017-04-01,2325,4,8,0.344
2017-04-01,2325,5,6,0.258
2017-04-01,2325,6,8,0.344
2017-04-01,2325,7,7,0.301
2017-04-01,2325,8,7,0.301
2017-04-01,2325,9,4,0.172
2017-04-01,2325,10,6,0.258
2017-04-01,2325,11,2,0.086
2017-04-01,2325,12,2,0.086
2017-04-01,2325,13,1,0.043
2017-04-01,2325,14,2,0.086
2017-04-01,2325,15,2,0.086
2017-04-01,2325,16,5,0.215
2017-05-01,3541,0,3541,100.0
2017-05-01,3541,1,18,0.508
2017-05-01,3541,2,18,0.508
2017-05-01,3541,3,14,0.395
2017-05-01,3541,4,11,0.311
2017-05-01,3541,5,12,0.339
2017-05-01,3541,6,15,0.424
2017-05-01,3541,7,6,0.169
2017-05-01,3541,8,9,0.254
2017-05-01,3541,9,9,0.254
2017-05-01,3541,10,9,0.254
2017-05-01,3541,11,12,0.339
2017-05-01,3541,12,9,0.254
2017-05-01,3541,13,1,0.028
2017-05-01,3541,14,7,0.198
2017-05-01,3541,15,9,0.254
2017-06-01,3101,0,3101,100.0
2017-06-01,3101,1,15,0.484
2017-06-01,3101,2,11,0.355
2017-06-01,3101,3,12,0.387
2017-06-01,3101,4,8,0.258
2017-06-01,3101,5,12,0.387
2017-06-01,3101,6,12,0.387
2017-06-01,3101,7,7,0.226
2017-06-01,3101,8,4,0.129
2017-06-01,3101,9,7,0.226
2017-06-01,3101,10,10,0.322
2017-06-01,3101,11,10,0.322
2017-06-01,3101,12,5,0.161
2017-06-01,3101,13,4,0.129
2017-06-01,3101,14,6,0.193
2017-07-01,3820,0,3820,100.0
2017-07-01,3820,1,20,0.524
2017-07-01,3820,2,14,0.366
2017-07-01,3820,3,10,0.262
2017-07-01,3820,4,11,0.288
2017-07-01,3820,5,8,0.209
2017-07-01,3820,6,12,0.314
2017-07-01,3820,7,4,0.105
2017-07-01,3820,8,7,0.183
2017-07-01,3820,9,10,0.262
2017-07-01,3820,10,9,0.236
2017-07-01,3820,11,11,0.288
2017-07-01,3820,12,5,0.131
2017-07-01,3820,13,10,0.262
2017-08-01,4129,0,4129,100.0
2017-08-01,4129,1,29,0.702
2017-08-01,4129,2,14,0.339
2017-08-01,4129,3,11,0.266
2017-08-01,4129,4,15,0.363
2017-08-01,4129,5,22,0.533
2017-08-01,4129,6,12,0.291
2017-08-01,4129,7,11,0.266
2017-08-01,4129,8,6,0.145
2017-08-01,4129,9,6,0.145
2017-08-01,4129,10,10,0.242
2017-08-01,4129,11,8,0.194
2017-08-01,4129,12,4,0.097
2017-09-01,4073,0,4073,100.0
2017-09-01,4073,1,28,0.687
2017-09-01,4073,2,22,0.54
2017-09-01,4073,3,12,0.295
2017-09-01,4073,4,18,0.442
2017-09-01,4073,5,9,0.221
2017-09-01,4073,6,9,0.221
2017-09-01,4073,7,10,0.246
2017-09-01,4073,8,12,0.295
2017-09-01,4073,9,7,0.172
2017-09-01,4073,10,11,0.27
2017-09-01,4073,11,3,0.074
2017-10-01,4390,0,4390,100.0
2017-10-01,4390,1,31,0.706
2017-10-01,4390,2,11,0.251
2017-10-01,4390,3,4,0.091
2017-10-01,4390,4,10,0.228
2017-10-01,4390,5,9,0.205
2017-10-01,4390,6,9,0.205
2017-10-01,4390,7,16,0.364
2017-10-01,4390,8,12,0.273
2017-10-01,4390,9,9,0.205
2017-10-01,4390,10,9,0.205
2017-11-01,7189,0,7189,100.0
2017-11-01,7189,1,40,0.556
2017-11-01,7189,2,28,0.389
2017-11-01,7189,3,12,0.167
2017-11-01,7189,4,14,0.195
2017-11-01,7189,5,13,0.181
2017-11-01,7189,6,8,0.111
2017-11-01,7189,7,14,0.195
2017-11-01,7189,8,9,0.125
2017-11-01,7189,9,4,0.056
2017-12-01,5437,0,5437,100.0
2017-12-01,5437,1,14,0.257
2017-12-01,5437,2,15,0.276
2017-12-01,5437,3,19,0.349
2017-12-01,5437,4,15,0.276
2017-12-01,5437,5,11,0.202
2017-12-01,5437,6,9,0.166
2017-12-01,5437,7,3,0.055
2017-12-01,5437,8,12,0.221
2018-01-01,6949,0,6949,100.0
2018-01-01,6949,1,23,0.331
2018-01-01,6949,2,26,0.374
2018-01-01,6949,3,20,0.288
2018-01-01,6949,4,20,0.288
2018-01-01,6949,5,11,0.158
2018-01-01,6949,6,12,0.173
2018-01-01,6949,7,16,0.23
2018-02-01,6356,0,6356,100.0
2018-02-01,6356,1,24,0.378
2018-02-01,6356,2,25,0.393
2018-02-01,6356,3,19,0.299
2018-02-01,6356,4,17,0.267
2018-02-01,6356,5,14,0.22
2018-02-01,6356,6,13,0.205
2018-03-01,6929,0,6929,100.0
2018-03-01,6929,1,31,0.447
2018-03-01,6929,2,22,0.318
2018-03-01,6929,3,20,0.289
2018-03-01,6929,4,9,0.13
2018-03-01,6929,5,8,0.115
2018-04-01,6694,0,6694,100.0
2018-04-01,6694,1,39,0.583
2018-04-01,6694,2,21,0.314
2018-04-01,6694,3,16,0.239
2018-04-01,6694,4,9,0.134
2018-05-01,6584,0,6584,100.0
2018-05-01,6584,1,35,0.532
2018-05-01,6584,2,17,0.258
2018-05-01,6584,3,14,0.213
2018-06-01,5919,0,5919,100.0
2018-06-01,5919,1,25,0.422
2018-06-01,5919,2,15,0.253
2018-07-01,6015,0,6015,100.0
2018-07-01,6015,1,31,0.515
2018-08-01,6207,0,6207,100.0
2018-08-01,6207,1,1,0.016
