month_start,orders,gmv_brl,aov_brl,customers,avg_review,late_pct,gmv_mom_pct
2017-01-01,787,136943.46,174.01,753,4.093,2.93,
2017-02-01,1718,283561.69,165.05,1693,4.102,2.96,107.06
2017-03-01,2617,425617.96,162.64,2577,4.132,4.56,50.1
2017-04-01,2377,405848.61,170.74,2345,4.067,6.56,-4.64
2017-05-01,3640,582710.83,160.09,3569,4.177,2.99,43.58
2017-06-01,3205,499652.24,155.9,3142,4.176,3.03,-14.25
2017-07-01,3946,578753.73,146.67,3872,4.227,2.79,15.83
2017-08-01,4272,661903.52,154.94,4191,4.268,2.91,14.37
2017-09-01,4227,717102.72,169.65,4154,4.222,4.39,8.34
2017-10-01,4547,764756.03,168.19,4481,4.174,4.18,6.65
2017-11-01,7421,1172191.68,157.96,7313,3.949,12.4,53.28
2017-12-01,5618,861526.77,153.35,5551,4.04,7.46,-26.5
2018-01-01,7187,1101920.01,153.32,7088,4.067,5.7,27.9
2018-02-01,6624,979486.16,147.87,6468,3.859,14.13,-11.11
2018-03-01,7168,1152656.99,160.81,7077,3.764,18.96,17.68
2018-04-01,6919,1156248.89,167.11,6863,4.17,4.5,0.31
2018-05-01,6833,1145686.46,167.67,6775,4.21,6.56,-0.91
2018-06-01,6145,1020381.9,166.05,6106,4.288,1.16,-10.94
2018-07-01,6233,1039783.58,166.82,6172,4.29,3.38,1.9
2018-08-01,6421,996973.51,155.27,6380,4.288,6.19,-4.12
