customer_state,customer_region,orders,customers,gmv_brl,aov_brl,freight_share_pct,avg_delivery_days,late_pct,avg_review
AC,North,81,77,19669.7,242.84,18.74,21.04,3.75,4.049
AL,Northeast,411,399,96229.4,234.13,16.54,24.54,21.41,3.76
AM,North,147,142,27835.73,189.36,19.68,26.43,2.76,4.221
AP,North,68,67,16262.8,239.16,17.15,27.19,2.99,4.194
BA,Northeast,3344,3244,606908.66,181.49,16.44,19.34,12.16,3.884
CE,Northeast,1323,1301,274522.61,207.5,17.58,21.27,13.76,3.881
DF,Center-West,2120,2057,351327.21,165.72,14.36,12.98,5.67,4.087
ES,Southeast,2018,1950,323081.03,160.1,15.34,15.81,10.73,4.053
GO,Center-West,1998,1934,340544.37,170.44,15.47,15.63,6.54,4.071
MA,Northeast,736,715,150687.96,204.74,20.84,21.61,17.43,3.781
MG,Southeast,11496,11134,1843074.43,160.32,14.63,12.02,4.57,4.164
MS,Center-West,708,687,135875.69,191.91,14.07,15.65,9.7,4.139
MT,Center-West,902,872,186005.11,206.21,15.96,18.09,5.98,4.109
PA,North,969,944,217480.54,224.44,17.78,23.78,11.21,3.862
PB,Northeast,531,516,140523.47,264.64,18.25,20.43,10.44,4.027
PE,Northeast,1643,1600,321018.34,195.39,18.47,18.45,9.6,4.022
PI,Northeast,490,478,107765.47,219.93,19.58,19.51,13.87,3.934
PR,South,4982,4824,794196.61,159.41,14.77,12.0,4.04,4.211
RJ,Southeast,12697,12241,2115667.56,166.63,14.37,15.32,12.11,3.905
RN,Northeast,482,471,101895.08,211.4,18.51,19.28,9.28,4.113
RO,North,246,234,57423.77,233.43,19.84,19.37,2.88,4.131
RR,North,45,44,9948.97,221.09,22.21,29.39,12.2,3.644
RS,South,5415,5233,877290.59,162.01,15.36,15.32,6.08,4.154
SC,South,3599,3501,608023.7,168.94,14.71,14.98,8.21,4.099
SE,Northeast,345,338,73032.32,211.69,19.32,21.55,15.22,3.837
SP,Southeast,41125,39747,5878132.06,142.93,12.15,8.77,4.49,4.211
TO,North,278,271,61103.85,219.8,19.14,17.7,9.85,4.112
