order_id,customer_id,order_status,purchase_ts,approved_ts,delivered_carrier_ts,delivered_customer_ts,estimated_delivery_ts,purchase_date,is_delivered,delivery_days,promised_days,days_vs_estimate,is_late,dq_bad_chronology,dq_delivered_without_date
00010242fe8c5a6d1ba2dd792cb16214,3ce436f183e68e07877b285a838db11a,delivered,2017-09-13T08:59:02,2017-09-13T09:45:35,2017-09-19T18:34:16,2017-09-20T23:43:48,2017-09-29T00:00:00,2017-09-13,1,7.61,15.63,-9,0,0,0
00018f77f2f0320c557190d7a144bdd3,f6dd3ec061db4e3987629fe6b26e5cce,delivered,2017-04-26T10:53:06,2017-04-26T11:05:13,2017-05-04T14:35:00,2017-05-12T16:04:24,2017-05-15T00:00:00,2017-04-26,1,16.22,18.55,-3,0,0,0
000229ec398224ef6ca0657da4fc703e,6489ae5e4333f3693df5ad4372dab6d3,delivered,2018-01-14T14:33:31,2018-01-14T14:48:30,2018-01-16T12:36:48,2018-01-22T13:19:16,2018-02-05T00:00:00,2018-01-14,1,7.95,21.39,-14,0,0,0
00024acbcdf0a6daa1e931b038114c75,d4eb9395c8c0431ee92fce09860c5a06,delivered,2018-08-08T10:00:35,2018-08-08T10:10:18,2018-08-10T13:28:00,2018-08-14T13:32:39,2018-08-20T00:00:00,2018-08-08,1,6.15,11.58,-6,0,0,0
00042b26cf59d7ce69dfabb4e55b4fd9,58dbd0b2d70206bf40e62cd34e84d795,delivered,2017-02-04T13:57:51,2017-02-04T14:10:13,2017-02-16T09:46:09,2017-03-01T16:42:31,2017-03-17T00:00:00,2017-02-04,1,25.11,40.42,-16,0,0,0
00048cc3ae777c65dbb7d2a0634bc1ea,816cbea969fe5b689b39cfc97a506742,delivered,2017-05-15T21:42:34,2017-05-17T03:55:27,2017-05-17T11:05:55,2017-05-22T13:44:35,2017-06-06T00:00:00,2017-05-15,1,6.67,21.1,-15,0,0,0
00054e8431b9d7675808bcb819fb4a32,32e2e6ab09e778d99bf2e0ecd4898718,delivered,2017-12-10T11:53:48,2017-12-10T12:10:31,2017-12-12T01:07:48,2017-12-18T22:03:38,2018-01-04T00:00:00,2017-12-10,1,8.42,24.5,-17,0,0,0
000576fe39319847cbb9d288c5617fa6,9ed5e522dd9dd85b4af4a077526d8117,delivered,2018-07-04T12:08:27,2018-07-05T16:35:48,2018-07-05T12:15:00,2018-07-09T14:04:07,2018-07-25T00:00:00,2018-07-04,1,5.08,20.49,-16,0,0,0
0005a1a1728c9d785b8e2b08b904576c,16150771dfd4776261284213b89c304e,delivered,2018-03-19T18:40:33,2018-03-20T18:35:21,2018-03-28T00:37:42,2018-03-29T18:17:31,2018-03-29T00:00:00,2018-03-19,1,9.98,9.22,0,0,0,0
0005f50442cb953dcd1d21e1fb923495,351d3cb2cee3c7fd0af6616c82df21d3,delivered,2018-07-02T13:59:39,2018-07-02T14:10:56,2018-07-03T14:25:00,2018-07-04T17:28:31,2018-07-23T00:00:00,2018-07-02,1,2.15,20.42,-19,0,0,0
00061f2a7bc09da83e415a52dc8a4af1,c6fc061d86fab1e2b2eac259bac71a49,delivered,2018-03-24T22:16:10,2018-03-24T22:28:09,2018-03-27T05:26:55,2018-03-29T00:04:19,2018-04-09T00:00:00,2018-03-24,1,4.08,15.07,-11,0,0,0
00063b381e2406b52ad429470734ebd5,6a899e55865de6549a58d2c6845e5604,delivered,2018-07-27T17:21:27,2018-07-27T18:00:06,2018-07-30T14:52:00,2018-08-07T13:56:52,2018-08-07T00:00:00,2018-07-27,1,10.86,10.28,0,0,0,0
0006ec9db01a64e59a68b2c340bf65a7,5d178120c29c61748ea95bac23cb8f25,delivered,2018-07-24T17:04:17,2018-07-24T17:24:20,2018-07-25T11:02:00,2018-07-31T01:04:15,2018-08-22T00:00:00,2018-07-24,1,6.33,28.29,-22,0,0,0
0008288aa423d2a3f00fcb17cd7d8719,2355af7c75e7c98b43a87b2a7f210dc5,delivered,2018-02-13T22:10:21,2018-02-15T03:55:52,2018-02-20T18:23:28,2018-02-26T13:55:22,2018-03-06T00:00:00,2018-02-13,1,12.66,20.08,-8,0,0,0
0009792311464db532ff765bf7b182ae,2a30c97668e81df7c17a8b14447aeeba,delivered,2018-08-14T20:43:09,2018-08-15T12:15:10,2018-08-15T15:28:00,2018-08-22T12:02:27,2018-08-28T00:00:00,2018-08-14,1,7.64,13.14,-6,0,0,0
0009c9a17f916a706d71784483a5d643,8a250edc40ebc5c3940ebc940f16a7eb,delivered,2018-04-25T09:10:41,2018-04-25T09:33:19,2018-04-27T15:14:00,2018-04-30T17:54:25,2018-05-09T00:00:00,2018-04-25,1,5.36,13.62,-9,0,0,0
000aed2e25dbad2f9ddb70584c5a2ded,fff5169e583fd07fac9fec88962f189d,delivered,2018-05-11T20:33:38,2018-05-11T20:57:03,2018-05-16T14:26:00,2018-05-18T16:46:31,2018-05-22T00:00:00,2018-05-11,1,6.84,10.14,-4,0,0,0
000c3e6612759851cc3cbb4b83257986,3773bcf1a6fbd29233ea1c1b573c4f22,delivered,2017-08-12T10:08:57,2017-08-15T03:35:32,2017-08-15T15:32:51,2017-08-19T15:22:17,2017-09-01T00:00:00,2017-08-12,1,7.22,19.58,-13,0,0,0
000e562887b1f2006d75e0be9558292e,2b01d668726fb0b751c55918c0437b7b,delivered,2018-02-22T11:54:42,2018-02-22T12:08:37,2018-02-26T14:18:32,2018-03-12T18:46:34,2018-03-19T00:00:00,2018-02-22,1,18.29,24.5,-7,0,0,0
000e63d38ae8c00bbcb5a30573b99628,98884e672c5ba85f4394f2044e1a3eab,delivered,2018-03-23T19:48:26,2018-03-23T20:07:49,2018-03-26T21:38:48,2018-03-27T14:51:47,2018-04-05T00:00:00,2018-03-23,1,3.79,12.17,-9,0,0,0
000e906b789b55f64edcb1f84030f90d,6a3b2fc9f270df258605e22bef19fd88,delivered,2017-11-21T18:54:23,2017-11-21T19:09:02,2017-11-22T20:46:54,2017-12-09T17:27:23,2017-12-07T00:00:00,2017-11-21,1,17.94,15.21,2,1,0,0
000f25f4d72195062c040b12dce9a18a,86ade8ebc14f18dd6c3ea75bd0eb7534,delivered,2018-03-07T10:33:13,2018-03-07T11:10:11,2018-03-16T15:58:31,2018-03-22T16:51:52,2018-04-11T00:00:00,2018-03-07,1,15.26,34.56,-20,0,0,0
