order_id,payment_sequential,payment_type,payment_installments,dq_installments_fixed,payment_value,dq_zero_value
00010242fe8c5a6d1ba2dd792cb16214,1,credit_card,2,0,72.19,0
00018f77f2f0320c557190d7a144bdd3,1,credit_card,3,0,259.83,0
000229ec398224ef6ca0657da4fc703e,1,credit_card,5,0,216.87,0
00024acbcdf0a6daa1e931b038114c75,1,credit_card,2,0,25.78,0
00042b26cf59d7ce69dfabb4e55b4fd9,1,credit_card,3,0,218.04,0
00048cc3ae777c65dbb7d2a0634bc1ea,1,boleto,1,0,34.59,0
00054e8431b9d7675808bcb819fb4a32,1,credit_card,1,0,31.75,0
000576fe39319847cbb9d288c5617fa6,1,credit_card,10,0,880.75,0
0005a1a1728c9d785b8e2b08b904576c,1,credit_card,3,0,157.6,0
0005f50442cb953dcd1d21e1fb923495,1,credit_card,1,0,65.39,0
00061f2a7bc09da83e415a52dc8a4af1,1,credit_card,3,0,68.87,0
00063b381e2406b52ad429470734ebd5,1,credit_card,5,0,57.98,0
0006ec9db01a64e59a68b2c340bf65a7,1,credit_card,4,0,97.32,0
0008288aa423d2a3f00fcb17cd7d8719,1,boleto,1,0,126.54,0
0009792311464db532ff765bf7b182ae,1,boleto,1,0,127.55,0
0009c9a17f916a706d71784483a5d643,1,credit_card,6,0,650.34,0
000aed2e25dbad2f9ddb70584c5a2ded,1,credit_card,1,0,152.77,0
000c3e6612759851cc3cbb4b83257986,1,boleto,1,0,112.71,0
000e562887b1f2006d75e0be9558292e,1,credit_card,4,0,41.11,0
000e63d38ae8c00bbcb5a30573b99628,1,credit_card,1,0,56.78,0
000e906b789b55f64edcb1f84030f90d,1,credit_card,3,0,33.84,0
000f25f4d72195062c040b12dce9a18a,1,credit_card,1,0,164.39,0
