product_id,category_pt,category_en,dq_missing_category,product_name_length,product_description_length,product_photos_qty,product_weight_g,product_length_cm,product_height_cm,product_width_cm
1c05e0964302b6cf68ca0d15f326c6ba,moveis_escritorio,office_furniture,0,46,1159,1,9375.0,55.0,54.0,19.0
310ae3c140ff94b03219ad0adc3c778f,beleza_saude,health_beauty,0,59,493,1,2000.0,30.0,12.0,16.0
368c6c730842d78016ad823897a372db,ferramentas_jardim,garden_tools,0,57,366,2,1650.0,30.0,22.0,30.0
3f27ac8e699df3d300ec4a5d8c5cf0b2,consoles_games,consoles_games,0,37,1172,2,200.0,16.0,5.0,12.0
4244733e06e7ecb4970a6e2683c13e61,cool_stuff,cool_stuff,0,58,598,4,650.0,28.0,9.0,14.0
4535b0e1091c278dfd193e5a1d63b39f,livros_tecnicos,books_technical,0,52,1192,1,850.0,29.0,3.0,21.0
4fa33915031a8cde03dd0d3e8fb27f01,perfumaria,perfumery,0,43,116,1,468.0,23.0,18.0,19.0
553e0e7590d3116a072507a3635d2877,cama_mesa_banho,bed_bath_table,0,38,735,5,800.0,20.0,20.0,20.0
557d850972a7d6f792fd18ae1400d9b6,ferramentas_jardim,garden_tools,0,39,1310,3,13805.0,35.0,75.0,45.0
57d79905de06d8897872c551bfd09358,telefonia,telephony,0,59,540,4,300.0,17.0,4.0,12.0
5ed9eaf534f6936b51d0b6c5e4d5c2e9,cool_stuff,cool_stuff,0,51,693,3,600.0,20.0,20.0,21.0
7634da152a4610f1595efa32f14722fc,perfumaria,perfumery,0,42,480,1,200.0,16.0,10.0,15.0
8cab8abac59158715e0d70a36c807415,esporte_lazer,sports_leisure,0,56,1392,4,1050.0,40.0,20.0,30.0
8d4f2bb7e93e6710a28f34fa83ee7d28,telefonia,telephony,0,52,815,1,200.0,27.0,5.0,20.0
99a4788cb24856965c36a24e339b6058,cama_mesa_banho,bed_bath_table,0,54,245,1,1383.0,50.0,10.0,40.0
ac6c3623068f30de03045865e4e10089,ferramentas_jardim,garden_tools,0,59,409,1,3750.0,35.0,40.0,30.0
b50c950aba0dcead2c48032a690ce817,esporte_lazer,sports_leisure,0,58,2584,1,1800.0,16.0,16.0,16.0
c777355d18b72b67abbeef9df44fd0fd,moveis_decoracao,furniture_decor,0,59,695,2,3050.0,33.0,13.0,33.0
d63c1011f49d98b976c352955b1c4bea,beleza_saude,health_beauty,0,57,614,1,950.0,35.0,25.0,20.0
e5f2d52b802189ee658865ca93d83a8f,pet_shop,pet_shop,0,56,239,2,30000.0,50.0,30.0,40.0
ef92defde845ab8450f9d70c526ef70f,utilidades_domesticas,housewares,0,36,558,1,450.0,24.0,8.0,15.0
f177554ea93259a5b282f24e33f65ab6,fashion_bolsas_e_acessorios,fashion_bags_accessories,0,35,60,1,200.0,16.0,16.0,11.0
