review_id,order_id,review_score,has_comment,comment_length,review_created_ts,review_answered_ts
00800678dcf28b0ea0caef2147b6945d,000aed2e25dbad2f9ddb70584c5a2ded,1,1,107,2018-05-19T00:00:00,2018-05-22T10:52:24
0381de7572d99d75230ce91207807265,00054e8431b9d7675808bcb819fb4a32,4,0,0,2017-12-19T00:00:00,2017-12-29T02:40:12
06f45fcd8b9b54c30b0de110eb849228,000e63d38ae8c00bbcb5a30573b99628,3,1,1,2018-03-28T00:00:00,2018-03-28T18:32:10
0c5b33dea94867d1ac402749e5438e8b,000229ec398224ef6ca0657da4fc703e,5,1,90,2018-01-23T00:00:00,2018-01-23T16:06:31
236ccf78a5c4c350c18fdc1ae12b0187,0009792311464db532ff765bf7b182ae,5,0,0,2018-08-23T00:00:00,2018-08-23T16:11:56
3b9a423bdbe8734ddfeb09bced16e5d9,000e562887b1f2006d75e0be9558292e,3,1,11,2018-03-13T00:00:00,2018-03-13T23:03:22
51b9186876d4708a91786f8517fe7106,000c3e6612759851cc3cbb4b83257986,5,1,34,2017-08-20T00:00:00,2017-08-20T19:56:31
5505c1cce299b1e0b3f8e4b428417362,0008288aa423d2a3f00fcb17cd7d8719,5,0,0,2018-02-27T00:00:00,2018-03-02T10:20:40
5595c192e3c1566ab4e7a2748b8ed297,00063b381e2406b52ad429470734ebd5,5,1,177,2018-08-08T00:00:00,2018-08-09T00:12:30
5c0b7e34ed85ec659bb064902d878e7a,0005f50442cb953dcd1d21e1fb923495,4,0,0,2018-07-05T00:00:00,2018-07-05T23:17:04
5e4e50af3b7960b7a10d86ec869509e8,00048cc3ae777c65dbb7d2a0634bc1ea,4,0,0,2017-05-23T00:00:00,2017-05-24T19:00:09
6322c405c0f34bf3ad870fd1a6b1fced,0006ec9db01a64e59a68b2c340bf65a7,5,1,37,2018-07-31T00:00:00,2018-08-01T23:05:10
67b1ab8f3ec19d5a90f153f21757d3a1,0005a1a1728c9d785b8e2b08b904576c,1,1,170,2018-03-30T00:00:00,2018-04-02T00:52:01
775038877f3c507777081ff685e14a60,000f25f4d72195062c040b12dce9a18a,4,0,0,2018-03-23T00:00:00,2018-03-24T04:17:06
787a452b54147f8f64737b1e040234af,0009c9a17f916a706d71784483a5d643,4,0,0,2018-05-01T00:00:00,2018-05-01T21:14:43
7b07bacd811c4117b742569b04ce3580,00018f77f2f0320c557190d7a144bdd3,4,0,0,2017-05-13T00:00:00,2017-05-15T11:34:13
7e92c32ae297ef950ee69781d9f1760c,00061f2a7bc09da83e415a52dc8a4af1,5,1,80,2018-03-30T00:00:00,2018-03-30T04:04:56
940144190dcba6351888cafa43f3a3a5,00042b26cf59d7ce69dfabb4e55b4fd9,5,1,39,2017-03-02T00:00:00,2017-03-03T10:54:59
97ca439bc427b48bc1cd7177abe71365,00010242fe8c5a6d1ba2dd792cb16214,5,1,46,2017-09-21T00:00:00,2017-09-22T10:57:03
a5fb93d6a9e707bd84c07da74e8d79fd,000e906b789b55f64edcb1f84030f90d,3,0,0,2017-12-09T00:00:00,2017-12-11T09:55:13
f0733ebeb51b637dfdc953983c867b89,000576fe39319847cbb9d288c5617fa6,5,0,0,2018-07-10T00:00:00,2018-07-11T20:14:25
f4028d019cb58564807486a6aaf33817,00024acbcdf0a6daa1e931b038114c75,4,0,0,2018-08-15T00:00:00,2018-08-15T16:39:01
