seller_id,seller_zip_code_prefix,seller_city,seller_state
1c129092bf23f28a5930387c980c0dfc,02972,sao paulo,SP
1f50f920176fa81dab994f9023523100,15025,sao jose do rio preto,SP
218d46b86c1881d022bce9c68a7d4b15,14070,ribeirao preto,SP
48436dade18ac8b2bce089ec2a041202,27277,volta redonda,SP
4a3ca9315b744ce9f8e9374361493884,14940,ibitinga,SP
530ec6109d11eaaf87999465c6afee01,85807,cascavel,PR
5996cddab893a4652a15592fb58ab8db,19010,presidente prudente,SP
5b51032eddd242adc84c38acab88f23d,37564,borda da mata,MG
6426d21aca402a131fc0a5d0960a3c90,14091,ribeirao preto,SP
7040e82f899a04d1b434b795a43b4617,01026,sao paulo,SP
7c67e1448b00f6e969d365cea6b010ab,08577,itaquaquecetuba,SP
8602a61d680a10a82cceeeda0d99ea3d,01001,sao paulo,SP
8cbac7e12637ed9cffa18c7875207478,89254,jaragua do sul,SC
9d7a1d34a5052409006425275ba1c2b4,14403,franca,SP
a416b6a846a11724393025641d4edd5e,03702,sao paulo,SP
ba143b05f0110f0dc71ad71b4466ce92,02274,sao paulo,SP
cc419e0650a3c5ba77189a1882b7556a,09015,santo andre,SP
dd7ddc04e1b6c2c614352b383efe2d36,03471,sao paulo,SP
df560393f3a51e74553ab94004ba5c87,87900,loanda,PR
ea8482cd71df3c1969d7b9473ff13abc,04160,sao paulo,SP
fcb5ace8bcc92f75707dc0f01a27d269,07032,guarulhos,SP
fe2032dab1a61af8794248c8196565c9,13030,campinas,SP
