review_id,order_id,review_score,review_comment_title,review_comment_message,review_creation_date,review_answer_timestamp
00800678dcf28b0ea0caef2147b6945d,000aed2e25dbad2f9ddb70584c5a2ded,1,produto não entregue,"Mudo minha opinião assim que receber o produto.
Consta no site que o produto foi entregue, mas não recebi.",2018-05-19 00:00:00,2018-05-22 10:52:24
0381de7572d99d75230ce91207807265,00054e8431b9d7675808bcb819fb4a32,4,,,2017-12-19 00:00:00,2017-12-29 02:40:12
06f45fcd8b9b54c30b0de110eb849228,000e63d38ae8c00bbcb5a30573b99628,3,,5,2018-03-28 00:00:00,2018-03-28 18:32:10
0c5b33dea94867d1ac402749e5438e8b,000229ec398224ef6ca0657da4fc703e,5,,Chegou antes do prazo previsto e o produto surpreendeu pela qualidade. Muito satisfatório.,2018-01-23 00:00:00,2018-01-23 16:06:31
236ccf78a5c4c350c18fdc1ae12b0187,0009792311464db532ff765bf7b182ae,5,,,2018-08-23 00:00:00,2018-08-23 16:11:56
3b9a423bdbe8734ddfeb09bced16e5d9,000e562887b1f2006d75e0be9558292e,3,,Bom produto,2018-03-13 00:00:00,2018-03-13 23:03:22
51b9186876d4708a91786f8517fe7106,000c3e6612759851cc3cbb4b83257986,5,,Recebi td certinho antes do prazo! ,2017-08-20 00:00:00,2017-08-20 19:56:31
5505c1cce299b1e0b3f8e4b428417362,0008288aa423d2a3f00fcb17cd7d8719,5,,,2018-02-27 00:00:00,2018-03-02 10:20:40
5595c192e3c1566ab4e7a2748b8ed297,00063b381e2406b52ad429470734ebd5,5,,"Fiquei um pouco triste, achei que a cor do coração seria verde, conforme a foto..... Mas depois que recebi o coração cor de rosa que fui ver que são imagens ilustrativas...... 😥",2018-08-08 00:00:00,2018-08-09 00:12:30
5c0b7e34ed85ec659bb064902d878e7a,0005f50442cb953dcd1d21e1fb923495,4,,,2018-07-05 00:00:00,2018-07-05 23:17:04
5e4e50af3b7960b7a10d86ec869509e8,00048cc3ae777c65dbb7d2a0634bc1ea,4,,,2017-05-23 00:00:00,2017-05-24 19:00:09
6322c405c0f34bf3ad870fd1a6b1fced,0006ec9db01a64e59a68b2c340bf65a7,5,Boa,Excelente serviço de compras on line.,2018-07-31 00:00:00,2018-08-01 23:05:10
67b1ab8f3ec19d5a90f153f21757d3a1,0005a1a1728c9d785b8e2b08b904576c,1,,"Na descrição do produto quando fui efetuar a compra, estava detalhado os pentes de disfarce.
Quando recebe o produto verifiquei e notei que não havia os pentes 0.5 e 1.5",2018-03-30 00:00:00,2018-04-02 00:52:01
775038877f3c507777081ff685e14a60,000f25f4d72195062c040b12dce9a18a,4,,,2018-03-23 00:00:00,2018-03-24 04:17:06
787a452b54147f8f64737b1e040234af,0009c9a17f916a706d71784483a5d643,4,,,2018-05-01 00:00:00,2018-05-01 21:14:43
7b07bacd811c4117b742569b04ce3580,00018f77f2f0320c557190d7a144bdd3,4,,,2017-05-13 00:00:00,2017-05-15 11:34:13
7e92c32ae297ef950ee69781d9f1760c,00061f2a7bc09da83e415a52dc8a4af1,5,,"A caixa do produto veio com uma pequena avariação, mas de resto veio perfeito...",2018-03-30 00:00:00,2018-03-30 04:04:56
940144190dcba6351888cafa43f3a3a5,00042b26cf59d7ce69dfabb4e55b4fd9,5,,Gostei pois veio no prazo determinado .,2017-03-02 00:00:00,2017-03-03 10:54:59
97ca439bc427b48bc1cd7177abe71365,00010242fe8c5a6d1ba2dd792cb16214,5,,"Perfeito, produto entregue antes do combinado.",2017-09-21 00:00:00,2017-09-22 10:57:03
a5fb93d6a9e707bd84c07da74e8d79fd,000e906b789b55f64edcb1f84030f90d,3,,,2017-12-09 00:00:00,2017-12-11 09:55:13
f0733ebeb51b637dfdc953983c867b89,000576fe39319847cbb9d288c5617fa6,5,,,2018-07-10 00:00:00,2018-07-11 20:14:25
f4028d019cb58564807486a6aaf33817,00024acbcdf0a6daa1e931b038114c75,4,,,2018-08-15 00:00:00,2018-08-15 16:39:01
