product_id,product_category_name,product_name_lenght,product_description_lenght,product_photos_qty,product_weight_g,product_length_cm,product_height_cm,product_width_cm
1c05e0964302b6cf68ca0d15f326c6ba,moveis_escritorio,46,1159,1,9375,55,54,19
310ae3c140ff94b03219ad0adc3c778f,beleza_saude,59,493,1,2000,30,12,16
368c6c730842d78016ad823897a372db,ferramentas_jardim,57,366,2,1650,30,22,30
3f27ac8e699df3d300ec4a5d8c5cf0b2,consoles_games,37,1172,2,200,16,5,12
4244733e06e7ecb4970a6e2683c13e61,cool_stuff,58,598,4,650,28,9,14
4535b0e1091c278dfd193e5a1d63b39f,livros_tecnicos,52,1192,1,850,29,3,21
4fa33915031a8cde03dd0d3e8fb27f01,perfumaria,43,116,1,468,23,18,19
553e0e7590d3116a072507a3635d2877,cama_mesa_banho,38,735,5,800,20,20,20
557d850972a7d6f792fd18ae1400d9b6,ferramentas_jardim,39,1310,3,13805,35,75,45
57d79905de06d8897872c551bfd09358,telefonia,59,540,4,300,17,4,12
5ed9eaf534f6936b51d0b6c5e4d5c2e9,cool_stuff,51,693,3,600,20,20,21
7634da152a4610f1595efa32f14722fc,perfumaria,42,480,1,200,16,10,15
8cab8abac59158715e0d70a36c807415,esporte_lazer,56,1392,4,1050,40,20,30
8d4f2bb7e93e6710a28f34fa83ee7d28,telefonia,52,815,1,200,27,5,20
99a4788cb24856965c36a24e339b6058,cama_mesa_banho,54,245,1,1383,50,10,40
ac6c3623068f30de03045865e4e10089,ferramentas_jardim,59,409,1,3750,35,40,30
b50c950aba0dcead2c48032a690ce817,esporte_lazer,58,2584,1,1800,16,16,16
c777355d18b72b67abbeef9df44fd0fd,moveis_decoracao,59,695,2,3050,33,13,33
d63c1011f49d98b976c352955b1c4bea,beleza_saude,57,614,1,950,35,25,20
e5f2d52b802189ee658865ca93d83a8f,pet_shop,56,239,2,30000,50,30,40
ef92defde845ab8450f9d70c526ef70f,utilidades_domesticas,36,558,1,450,24,8,15
f177554ea93259a5b282f24e33f65ab6,fashion_bolsas_e_acessorios,35,60,1,200,16,16,11
