customer_id,customer_unique_id,customer_zip_prefix,customer_city,customer_state,customer_region,cohort_month
16150771dfd4776261284213b89c304e,639d23421f5517f69d0c3d6e6564cf0e,11075,santos,SP,Southeast,2018-03-01
2355af7c75e7c98b43a87b2a7f210dc5,9e4159995424971423b98c4a8bc11529,06600,jandira,SP,Southeast,2018-02-01
2a30c97668e81df7c17a8b14447aeeba,4987996ddcd0ddb20740fdce7c2bfbb1,37137,alfenas,MG,Southeast,2018-08-01
2b01d668726fb0b751c55918c0437b7b,b2c72d1e9f6430603b8337d8f1394a99,11533,cubatao,SP,Southeast,2018-02-01
32e2e6ab09e778d99bf2e0ecd4898718,635d9ac1680f03288e72ada3a1035803,16700,guararapes,SP,Southeast,2017-12-01
351d3cb2cee3c7fd0af6616c82df21d3,0782c41380992a5a533489063df0eef6,06636,jandira,SP,Southeast,2018-07-01
3773bcf1a6fbd29233ea1c1b573c4f22,f5f088001070650f9e9a8cd773621f35,13208,jundiai,SP,Southeast,2017-08-01
3ce436f183e68e07877b285a838db11a,871766c5855e863f6eccc05f988b23cb,28013,campos dos goytacazes,RJ,Southeast,2017-09-01
58dbd0b2d70206bf40e62cd34e84d795,64b576fb70d441e8f1b2d7d446e483c5,13226,varzea paulista,SP,Southeast,2017-02-01
5d178120c29c61748ea95bac23cb8f25,7ed0ea20347f67fe61d1c99fdf8556ae,21810,rio de janeiro,RJ,Southeast,2018-07-01
6489ae5e4333f3693df5ad4372dab6d3,3818d81c6709e39d06b2738a8d3a2474,35661,para de minas,MG,Southeast,2018-01-01
6a3b2fc9f270df258605e22bef19fd88,3588484a539617d91500764822230fb6,18900,santa cruz do rio pardo,SP,Southeast,2017-11-01
6a899e55865de6549a58d2c6845e5604,3fb97204945ca0c01bcf3eee6031c5f1,15910,monte alto,SP,Southeast,2018-07-01
816cbea969fe5b689b39cfc97a506742,85c835d128beae5b4ce8602c491bf385,38017,uberaba,MG,Southeast,2017-05-01
86ade8ebc14f18dd6c3ea75bd0eb7534,1a6cbc34ea404cb0af7ed74df0999354,27213,volta redonda,RJ,Southeast,2018-03-01
8a250edc40ebc5c3940ebc940f16a7eb,6062db572f3ef38b7a8ff4307abbfad3,13044,campinas,SP,Southeast,2018-04-01
98884e672c5ba85f4394f2044e1a3eab,860fc00d3154ce2346c43ebe47b9b6ce,04679,sao paulo,SP,Southeast,2018-03-01
9ed5e522dd9dd85b4af4a077526d8117,fda4476abb6307ab3c415b7e6d026526,11702,praia grande,SP,Southeast,2018-07-01
c6fc061d86fab1e2b2eac259bac71a49,107e6259485efac66428a56f10801f4f,13419,piracicaba,SP,Southeast,2018-03-01
d4eb9395c8c0431ee92fce09860c5a06,af861d436cfc08b2c2ddefd0ba074622,12952,atibaia,SP,Southeast,2018-08-01
f6dd3ec061db4e3987629fe6b26e5cce,eb28e67c4c0b83846050ddfb8a35d051,15775,santa fe do sul,SP,Southeast,2017-04-01
fff5169e583fd07fac9fec88962f189d,6457be0b331148fb5454efc88d1e03d9,13458,santa barbara d'oeste,SP,Southeast,2018-05-01
