date_key,calendar_date,year,month,month_start,day_of_week
20170204,2017-02-04,2017,2,2017-02-01,7
20170205,2017-02-05,2017,2,2017-02-01,1
20170206,2017-02-06,2017,2,2017-02-01,2
20170207,2017-02-07,2017,2,2017-02-01,3
20170208,2017-02-08,2017,2,2017-02-01,4
20170209,2017-02-09,2017,2,2017-02-01,5
20170210,2017-02-10,2017,2,2017-02-01,6
20170211,2017-02-11,2017,2,2017-02-01,7
20170212,2017-02-12,2017,2,2017-02-01,1
20170213,2017-02-13,2017,2,2017-02-01,2
20170214,2017-02-14,2017,2,2017-02-01,3
20170215,2017-02-15,2017,2,2017-02-01,4
20170216,2017-02-16,2017,2,2017-02-01,5
20170217,2017-02-17,2017,2,2017-02-01,6
20170218,2017-02-18,2017,2,2017-02-01,7
20170219,2017-02-19,2017,2,2017-02-01,1
20170220,2017-02-20,2017,2,2017-02-01,2
20170221,2017-02-21,2017,2,2017-02-01,3
20170222,2017-02-22,2017,2,2017-02-01,4
20170223,2017-02-23,2017,2,2017-02-01,5
20170224,2017-02-24,2017,2,2017-02-01,6
20170225,2017-02-25,2017,2,2017-02-01,7
20170226,2017-02-26,2017,2,2017-02-01,1
20170227,2017-02-27,2017,2,2017-02-01,2
20170228,2017-02-28,2017,2,2017-02-01,3
20170301,2017-03-01,2017,3,2017-03-01,4
20170302,2017-03-02,2017,3,2017-03-01,5
20170303,2017-03-03,2017,3,2017-03-01,6
20170304,2017-03-04,2017,3,2017-03-01,7
20170305,2017-03-05,2017,3,2017-03-01,1
20170306,2017-03-06,2017,3,2017-03-01,2
20170307,2017-03-07,2017,3,2017-03-01,3
20170308,2017-03-08,2017,3,2017-03-01,4
20170309,2017-03-09,2017,3,2017-03-01,5
20170310,2017-03-10,2017,3,2017-03-01,6
20170311,2017-03-11,2017,3,2017-03-01,7
20170312,2017-03-12,2017,3,2017-03-01,1
20170313,2017-03-13,2017,3,2017-03-01,2
20170314,2017-03-14,2017,3,2017-03-01,3
20170315,2017-03-15,2017,3,2017-03-01,4
20170316,2017-03-16,2017,3,2017-03-01,5
20170317,2017-03-17,2017,3,2017-03-01,6
20170318,2017-03-18,2017,3,2017-03-01,7
20170319,2017-03-19,2017,3,2017-03-01,1
20170320,2017-03-20,2017,3,2017-03-01,2
20170321,2017-03-21,2017,3,2017-03-01,3
20170322,2017-03-22,2017,3,2017-03-01,4
20170323,2017-03-23,2017,3,2017-03-01,5
20170324,2017-03-24,2017,3,2017-03-01,6
20170325,2017-03-25,2017,3,2017-03-01,7
20170326,2017-03-26,2017,3,2017-03-01,1
20170327,2017-03-27,2017,3,2017-03-01,2
20170328,2017-03-28,2017,3,2017-03-01,3
20170329,2017-03-29,2017,3,2017-03-01,4
20170330,2017-03-30,2017,3,2017-03-01,5
20170331,2017-03-31,2017,3,2017-03-01,6
20170401,2017-04-01,2017,4,2017-04-01,7
20170402,2017-04-02,2017,4,2017-04-01,1
20170403,2017-04-03,2017,4,2017-04-01,2
20170404,2017-04-04,2017,4,2017-04-01,3
20170405,2017-04-05,2017,4,2017-04-01,4
20170406,2017-04-06,2017,4,2017-04-01,5
20170407,2017-04-07,2017,4,2017-04-01,6
20170408,2017-04-08,2017,4,2017-04-01,7
20170409,2017-04-09,2017,4,2017-04-01,1
20170410,2017-04-10,2017,4,2017-04-01,2
20170411,2017-04-11,2017,4,2017-04-01,3
20170412,2017-04-12,2017,4,2017-04-01,4
20170413,2017-04-13,2017,4,2017-04-01,5
20170414,2017-04-14,2017,4,2017-04-01,6
20170415,2017-04-15,2017,4,2017-04-01,7
20170416,2017-04-16,2017,4,2017-04-01,1
20170417,2017-04-17,2017,4,2017-04-01,2
20170418,2017-04-18,2017,4,2017-04-01,3
20170419,2017-04-19,2017,4,2017-04-01,4
20170420,2017-04-20,2017,4,2017-04-01,5
20170421,2017-04-21,2017,4,2017-04-01,6
20170422,2017-04-22,2017,4,2017-04-01,7
20170423,2017-04-23,2017,4,2017-04-01,1
20170424,2017-04-24,2017,4,2017-04-01,2
20170425,2017-04-25,2017,4,2017-04-01,3
20170426,2017-04-26,2017,4,2017-04-01,4
20170427,2017-04-27,2017,4,2017-04-01,5
20170428,2017-04-28,2017,4,2017-04-01,6
20170429,2017-04-29,2017,4,2017-04-01,7
20170430,2017-04-30,2017,4,2017-04-01,1
20170501,2017-05-01,2017,5,2017-05-01,2
20170502,2017-05-02,2017,5,2017-05-01,3
20170503,2017-05-03,2017,5,2017-05-01,4
20170504,2017-05-04,2017,5,2017-05-01,5
20170505,2017-05-05,2017,5,2017-05-01,6
20170506,2017-05-06,2017,5,2017-05-01,7
20170507,2017-05-07,2017,5,2017-05-01,1
20170508,2017-05-08,2017,5,2017-05-01,2
20170509,2017-05-09,2017,5,2017-05-01,3
20170510,2017-05-10,2017,5,2017-05-01,4
20170511,2017-05-11,2017,5,2017-05-01,5
20170512,2017-05-12,2017,5,2017-05-01,6
20170513,2017-05-13,2017,5,2017-05-01,7
20170514,2017-05-14,2017,5,2017-05-01,1
20170515,2017-05-15,2017,5,2017-05-01,2
20170516,2017-05-16,2017,5,2017-05-01,3
20170517,2017-05-17,2017,5,2017-05-01,4
20170518,2017-05-18,2017,5,2017-05-01,5
20170519,2017-05-19,2017,5,2017-05-01,6
20170520,2017-05-20,2017,5,2017-05-01,7
20170521,2017-05-21,2017,5,2017-05-01,1
20170522,2017-05-22,2017,5,2017-05-01,2
20170523,2017-05-23,2017,5,2017-05-01,3
20170524,2017-05-24,2017,5,2017-05-01,4
20170525,2017-05-25,2017,5,2017-05-01,5
20170526,2017-05-26,2017,5,2017-05-01,6
20170527,2017-05-27,2017,5,2017-05-01,7
20170528,2017-05-28,2017,5,2017-05-01,1
20170529,2017-05-29,2017,5,2017-05-01,2
20170530,2017-05-30,2017,5,2017-05-01,3
20170531,2017-05-31,2017,5,2017-05-01,4
20170601,2017-06-01,2017,6,2017-06-01,5
20170602,2017-06-02,2017,6,2017-06-01,6
20170603,2017-06-03,2017,6,2017-06-01,7
20170604,2017-06-04,2017,6,2017-06-01,1
20170605,2017-06-05,2017,6,2017-06-01,2
20170606,2017-06-06,2017,6,2017-06-01,3
20170607,2017-06-07,2017,6,2017-06-01,4
20170608,2017-06-08,2017,6,2017-06-01,5
20170609,2017-06-09,2017,6,2017-06-01,6
20170610,2017-06-10,2017,6,2017-06-01,7
20170611,2017-06-11,2017,6,2017-06-01,1
20170612,2017-06-12,2017,6,2017-06-01,2
20170613,2017-06-13,2017,6,2017-06-01,3
20170614,2017-06-14,2017,6,2017-06-01,4
20170615,2017-06-15,2017,6,2017-06-01,5
20170616,2017-06-16,2017,6,2017-06-01,6
20170617,2017-06-17,2017,6,2017-06-01,7
20170618,2017-06-18,2017,6,2017-06-01,1
20170619,2017-06-19,2017,6,2017-06-01,2
20170620,2017-06-20,2017,6,2017-06-01,3
20170621,2017-06-21,2017,6,2017-06-01,4
20170622,2017-06-22,2017,6,2017-06-01,5
20170623,2017-06-23,2017,6,2017-06-01,6
20170624,2017-06-24,2017,6,2017-06-01,7
20170625,2017-06-25,2017,6,2017-06-01,1
20170626,2017-06-26,2017,6,2017-06-01,2
20170627,2017-06-27,2017,6,2017-06-01,3
20170628,2017-06-28,2017,6,2017-06-01,4
20170629,2017-06-29,2017,6,2017-06-01,5
20170630,2017-06-30,2017,6,2017-06-01,6
20170701,2017-07-01,2017,7,2017-07-01,7
20170702,2017-07-02,2017,7,2017-07-01,1
20170703,2017-07-03,2017,7,2017-07-01,2
20170704,2017-07-04,2017,7,2017-07-01,3
20170705,2017-07-05,2017,7,2017-07-01,4
20170706,2017-07-06,2017,7,2017-07-01,5
20170707,2017-07-07,2017,7,2017-07-01,6
20170708,2017-07-08,2017,7,2017-07-01,7
20170709,2017-07-09,2017,7,2017-07-01,1
20170710,2017-07-10,2017,7,2017-07-01,2
20170711,2017-07-11,2017,7,2017-07-01,3
20170712,2017-07-12,2017,7,2017-07-01,4
20170713,2017-07-13,2017,7,2017-07-01,5
20170714,2017-07-14,2017,7,2017-07-01,6
20170715,2017-07-15,2017,7,2017-07-01,7
20170716,2017-07-16,2017,7,2017-07-01,1
20170717,2017-07-17,2017,7,2017-07-01,2
20170718,2017-07-18,2017,7,2017-07-01,3
20170719,2017-07-19,2017,7,2017-07-01,4
20170720,2017-07-20,2017,7,2017-07-01,5
20170721,2017-07-21,2017,7,2017-07-01,6
20170722,2017-07-22,2017,7,2017-07-01,7
20170723,2017-07-23,2017,7,2017-07-01,1
20170724,2017-07-24,2017,7,2017-07-01,2
20170725,2017-07-25,2017,7,2017-07-01,3
20170726,2017-07-26,2017,7,2017-07-01,4
20170727,2017-07-27,2017,7,2017-07-01,5
20170728,2017-07-28,2017,7,2017-07-01,6
20170729,2017-07-29,2017,7,2017-07-01,7
20170730,2017-07-30,2017,7,2017-07-01,1
20170731,2017-07-31,2017,7,2017-07-01,2
20170801,2017-08-01,2017,8,2017-08-01,3
20170802,2017-08-02,2017,8,2017-08-01,4
20170803,2017-08-03,2017,8,2017-08-01,5
20170804,2017-08-04,2017,8,2017-08-01,6
20170805,2017-08-05,2017,8,2017-08-01,7
20170806,2017-08-06,2017,8,2017-08-01,1
20170807,2017-08-07,2017,8,2017-08-01,2
20170808,2017-08-08,2017,8,2017-08-01,3
20170809,2017-08-09,2017,8,2017-08-01,4
20170810,2017-08-10,2017,8,2017-08-01,5
20170811,2017-08-11,2017,8,2017-08-01,6
20170812,2017-08-12,2017,8,2017-08-01,7
20170813,2017-08-13,2017,8,2017-08-01,1
20170814,2017-08-14,2017,8,2017-08-01,2
20170815,2017-08-15,2017,8,2017-08-01,3
20170816,2017-08-16,2017,8,2017-08-01,4
20170817,2017-08-17,2017,8,2017-08-01,5
20170818,2017-08-18,2017,8,2017-08-01,6
20170819,2017-08-19,2017,8,2017-08-01,7
20170820,2017-08-20,2017,8,2017-08-01,1
20170821,2017-08-21,2017,8,2017-08-01,2
20170822,2017-08-22,2017,8,2017-08-01,3
20170823,2017-08-23,2017,8,2017-08-01,4
20170824,2017-08-24,2017,8,2017-08-01,5
20170825,2017-08-25,2017,8,2017-08-01,6
20170826,2017-08-26,2017,8,2017-08-01,7
20170827,2017-08-27,2017,8,2017-08-01,1
20170828,2017-08-28,2017,8,2017-08-01,2
20170829,2017-08-29,2017,8,2017-08-01,3
20170830,2017-08-30,2017,8,2017-08-01,4
20170831,2017-08-31,2017,8,2017-08-01,5
20170901,2017-09-01,2017,9,2017-09-01,6
20170902,2017-09-02,2017,9,2017-09-01,7
20170903,2017-09-03,2017,9,2017-09-01,1
20170904,2017-09-04,2017,9,2017-09-01,2
20170905,2017-09-05,2017,9,2017-09-01,3
20170906,2017-09-06,2017,9,2017-09-01,4
20170907,2017-09-07,2017,9,2017-09-01,5
20170908,2017-09-08,2017,9,2017-09-01,6
20170909,2017-09-09,2017,9,2017-09-01,7
20170910,2017-09-10,2017,9,2017-09-01,1
20170911,2017-09-11,2017,9,2017-09-01,2
20170912,2017-09-12,2017,9,2017-09-01,3
20170913,2017-09-13,2017,9,2017-09-01,4
20170914,2017-09-14,2017,9,2017-09-01,5
20170915,2017-09-15,2017,9,2017-09-01,6
20170916,2017-09-16,2017,9,2017-09-01,7
20170917,2017-09-17,2017,9,2017-09-01,1
20170918,2017-09-18,2017,9,2017-09-01,2
20170919,2017-09-19,2017,9,2017-09-01,3
20170920,2017-09-20,2017,9,2017-09-01,4
20170921,2017-09-21,2017,9,2017-09-01,5
20170922,2017-09-22,2017,9,2017-09-01,6
20170923,2017-09-23,2017,9,2017-09-01,7
20170924,2017-09-24,2017,9,2017-09-01,1
20170925,2017-09-25,2017,9,2017-09-01,2
20170926,2017-09-26,2017,9,2017-09-01,3
20170927,2017-09-27,2017,9,2017-09-01,4
20170928,2017-09-28,2017,9,2017-09-01,5
20170929,2017-09-29,2017,9,2017-09-01,6
20170930,2017-09-30,2017,9,2017-09-01,7
20171001,2017-10-01,2017,10,2017-10-01,1
20171002,2017-10-02,2017,10,2017-10-01,2
20171003,2017-10-03,2017,10,2017-10-01,3
20171004,2017-10-04,2017,10,2017-10-01,4
20171005,2017-10-05,2017,10,2017-10-01,5
20171006,2017-10-06,2017,10,2017-10-01,6
20171007,2017-10-07,2017,10,2017-10-01,7
20171008,2017-10-08,2017,10,2017-10-01,1
20171009,2017-10-09,2017,10,2017-10-01,2
20171010,2017-10-10,2017,10,2017-10-01,3
20171011,2017-10-11,2017,10,2017-10-01,4
20171012,2017-10-12,2017,10,2017-10-01,5
20171013,2017-10-13,2017,10,2017-10-01,6
20171014,2017-10-14,2017,10,2017-10-01,7
20171015,2017-10-15,2017,10,2017-10-01,1
20171016,2017-10-16,2017,10,2017-10-01,2
20171017,2017-10-17,2017,10,2017-10-01,3
20171018,2017-10-18,2017,10,2017-10-01,4
20171019,2017-10-19,2017,10,2017-10-01,5
20171020,2017-10-20,2017,10,2017-10-01,6
20171021,2017-10-21,2017,10,2017-10-01,7
20171022,2017-10-22,2017,10,2017-10-01,1
20171023,2017-10-23,2017,10,2017-10-01,2
20171024,2017-10-24,2017,10,2017-10-01,3
20171025,2017-10-25,2017,10,2017-10-01,4
20171026,2017-10-26,2017,10,2017-10-01,5
20171027,2017-10-27,2017,10,2017-10-01,6
20171028,2017-10-28,2017,10,2017-10-01,7
20171029,2017-10-29,2017,10,2017-10-01,1
20171030,2017-10-30,2017,10,2017-10-01,2
20171031,2017-10-31,2017,10,2017-10-01,3
20171101,2017-11-01,2017,11,2017-11-01,4
20171102,2017-11-02,2017,11,2017-11-01,5
20171103,2017-11-03,2017,11,2017-11-01,6
20171104,2017-11-04,2017,11,2017-11-01,7
20171105,2017-11-05,2017,11,2017-11-01,1
20171106,2017-11-06,2017,11,2017-11-01,2
20171107,2017-11-07,2017,11,2017-11-01,3
20171108,2017-11-08,2017,11,2017-11-01,4
20171109,2017-11-09,2017,11,2017-11-01,5
20171110,2017-11-10,2017,11,2017-11-01,6
20171111,2017-11-11,2017,11,2017-11-01,7
20171112,2017-11-12,2017,11,2017-11-01,1
20171113,2017-11-13,2017,11,2017-11-01,2
20171114,2017-11-14,2017,11,2017-11-01,3
20171115,2017-11-15,2017,11,2017-11-01,4
20171116,2017-11-16,2017,11,2017-11-01,5
20171117,2017-11-17,2017,11,2017-11-01,6
20171118,2017-11-18,2017,11,2017-11-01,7
20171119,2017-11-19,2017,11,2017-11-01,1
20171120,2017-11-20,2017,11,2017-11-01,2
20171121,2017-11-21,2017,11,2017-11-01,3
20171122,2017-11-22,2017,11,2017-11-01,4
20171123,2017-11-23,2017,11,2017-11-01,5
20171124,2017-11-24,2017,11,2017-11-01,6
20171125,2017-11-25,2017,11,2017-11-01,7
20171126,2017-11-26,2017,11,2017-11-01,1
20171127,2017-11-27,2017,11,2017-11-01,2
20171128,2017-11-28,2017,11,2017-11-01,3
20171129,2017-11-29,2017,11,2017-11-01,4
20171130,2017-11-30,2017,11,2017-11-01,5
20171201,2017-12-01,2017,12,2017-12-01,6
20171202,2017-12-02,2017,12,2017-12-01,7
20171203,2017-12-03,2017,12,2017-12-01,1
20171204,2017-12-04,2017,12,2017-12-01,2
20171205,2017-12-05,2017,12,2017-12-01,3
20171206,2017-12-06,2017,12,2017-12-01,4
20171207,2017-12-07,2017,12,2017-12-01,5
20171208,2017-12-08,2017,12,2017-12-01,6
20171209,2017-12-09,2017,12,2017-12-01,7
20171210,2017-12-10,2017,12,2017-12-01,1
20171211,2017-12-11,2017,12,2017-12-01,2
20171212,2017-12-12,2017,12,2017-12-01,3
20171213,2017-12-13,2017,12,2017-12-01,4
20171214,2017-12-14,2017,12,2017-12-01,5
20171215,2017-12-15,2017,12,2017-12-01,6
20171216,2017-12-16,2017,12,2017-12-01,7
20171217,2017-12-17,2017,12,2017-12-01,1
20171218,2017-12-18,2017,12,2017-12-01,2
20171219,2017-12-19,2017,12,2017-12-01,3
20171220,2017-12-20,2017,12,2017-12-01,4
20171221,2017-12-21,2017,12,2017-12-01,5
20171222,2017-12-22,2017,12,2017-12-01,6
20171223,2017-12-23,2017,12,2017-12-01,7
20171224,2017-12-24,2017,12,2017-12-01,1
20171225,2017-12-25,2017,12,2017-12-01,2
20171226,2017-12-26,2017,12,2017-12-01,3
20171227,2017-12-27,2017,12,2017-12-01,4
20171228,2017-12-28,2017,12,2017-12-01,5
20171229,2017-12-29,2017,12,2017-12-01,6
20171230,2017-12-30,2017,12,2017-12-01,7
20171231,2017-12-31,2017,12,2017-12-01,1
20180101,2018-01-01,2018,1,2018-01-01,2
20180102,2018-01-02,2018,1,2018-01-01,3
20180103,2018-01-03,2018,1,2018-01-01,4
20180104,2018-01-04,2018,1,2018-01-01,5
20180105,2018-01-05,2018,1,2018-01-01,6
20180106,2018-01-06,2018,1,2018-01-01,7
20180107,2018-01-07,2018,1,2018-01-01,1
20180108,2018-01-08,2018,1,2018-01-01,2
20180109,2018-01-09,2018,1,2018-01-01,3
20180110,2018-01-10,2018,1,2018-01-01,4
20180111,2018-01-11,2018,1,2018-01-01,5
20180112,2018-01-12,2018,1,2018-01-01,6
20180113,2018-01-13,2018,1,2018-01-01,7
20180114,2018-01-14,2018,1,2018-01-01,1
20180115,2018-01-15,2018,1,2018-01-01,2
20180116,2018-01-16,2018,1,2018-01-01,3
20180117,2018-01-17,2018,1,2018-01-01,4
20180118,2018-01-18,2018,1,2018-01-01,5
20180119,2018-01-19,2018,1,2018-01-01,6
20180120,2018-01-20,2018,1,2018-01-01,7
20180121,2018-01-21,2018,1,2018-01-01,1
20180122,2018-01-22,2018,1,2018-01-01,2
20180123,2018-01-23,2018,1,2018-01-01,3
20180124,2018-01-24,2018,1,2018-01-01,4
20180125,2018-01-25,2018,1,2018-01-01,5
20180126,2018-01-26,2018,1,2018-01-01,6
20180127,2018-01-27,2018,1,2018-01-01,7
20180128,2018-01-28,2018,1,2018-01-01,1
20180129,2018-01-29,2018,1,2018-01-01,2
20180130,2018-01-30,2018,1,2018-01-01,3
20180131,2018-01-31,2018,1,2018-01-01,4
20180201,2018-02-01,2018,2,2018-02-01,5
20180202,2018-02-02,2018,2,2018-02-01,6
20180203,2018-02-03,2018,2,2018-02-01,7
20180204,2018-02-04,2018,2,2018-02-01,1
20180205,2018-02-05,2018,2,2018-02-01,2
20180206,2018-02-06,2018,2,2018-02-01,3
20180207,2018-02-07,2018,2,2018-02-01,4
20180208,2018-02-08,2018,2,2018-02-01,5
20180209,2018-02-09,2018,2,2018-02-01,6
20180210,2018-02-10,2018,2,2018-02-01,7
20180211,2018-02-11,2018,2,2018-02-01,1
20180212,2018-02-12,2018,2,2018-02-01,2
20180213,2018-02-13,2018,2,2018-02-01,3
20180214,2018-02-14,2018,2,2018-02-01,4
20180215,2018-02-15,2018,2,2018-02-01,5
20180216,2018-02-16,2018,2,2018-02-01,6
20180217,2018-02-17,2018,2,2018-02-01,7
20180218,2018-02-18,2018,2,2018-02-01,1
20180219,2018-02-19,2018,2,2018-02-01,2
20180220,2018-02-20,2018,2,2018-02-01,3
20180221,2018-02-21,2018,2,2018-02-01,4
20180222,2018-02-22,2018,2,2018-02-01,5
20180223,2018-02-23,2018,2,2018-02-01,6
20180224,2018-02-24,2018,2,2018-02-01,7
20180225,2018-02-25,2018,2,2018-02-01,1
20180226,2018-02-26,2018,2,2018-02-01,2
20180227,2018-02-27,2018,2,2018-02-01,3
20180228,2018-02-28,2018,2,2018-02-01,4
20180301,2018-03-01,2018,3,2018-03-01,5
20180302,2018-03-02,2018,3,2018-03-01,6
20180303,2018-03-03,2018,3,2018-03-01,7
20180304,2018-03-04,2018,3,2018-03-01,1
20180305,2018-03-05,2018,3,2018-03-01,2
20180306,2018-03-06,2018,3,2018-03-01,3
20180307,2018-03-07,2018,3,2018-03-01,4
20180308,2018-03-08,2018,3,2018-03-01,5
20180309,2018-03-09,2018,3,2018-03-01,6
20180310,2018-03-10,2018,3,2018-03-01,7
20180311,2018-03-11,2018,3,2018-03-01,1
20180312,2018-03-12,2018,3,2018-03-01,2
20180313,2018-03-13,2018,3,2018-03-01,3
20180314,2018-03-14,2018,3,2018-03-01,4
20180315,2018-03-15,2018,3,2018-03-01,5
20180316,2018-03-16,2018,3,2018-03-01,6
20180317,2018-03-17,2018,3,2018-03-01,7
20180318,2018-03-18,2018,3,2018-03-01,1
20180319,2018-03-19,2018,3,2018-03-01,2
20180320,2018-03-20,2018,3,2018-03-01,3
20180321,2018-03-21,2018,3,2018-03-01,4
20180322,2018-03-22,2018,3,2018-03-01,5
20180323,2018-03-23,2018,3,2018-03-01,6
20180324,2018-03-24,2018,3,2018-03-01,7
20180325,2018-03-25,2018,3,2018-03-01,1
20180326,2018-03-26,2018,3,2018-03-01,2
20180327,2018-03-27,2018,3,2018-03-01,3
20180328,2018-03-28,2018,3,2018-03-01,4
20180329,2018-03-29,2018,3,2018-03-01,5
20180330,2018-03-30,2018,3,2018-03-01,6
20180331,2018-03-31,2018,3,2018-03-01,7
20180401,2018-04-01,2018,4,2018-04-01,1
20180402,2018-04-02,2018,4,2018-04-01,2
20180403,2018-04-03,2018,4,2018-04-01,3
20180404,2018-04-04,2018,4,2018-04-01,4
20180405,2018-04-05,2018,4,2018-04-01,5
20180406,2018-04-06,2018,4,2018-04-01,6
20180407,2018-04-07,2018,4,2018-04-01,7
20180408,2018-04-08,2018,4,2018-04-01,1
20180409,2018-04-09,2018,4,2018-04-01,2
20180410,2018-04-10,2018,4,2018-04-01,3
20180411,2018-04-11,2018,4,2018-04-01,4
20180412,2018-04-12,2018,4,2018-04-01,5
20180413,2018-04-13,2018,4,2018-04-01,6
20180414,2018-04-14,2018,4,2018-04-01,7
20180415,2018-04-15,2018,4,2018-04-01,1
20180416,2018-04-16,2018,4,2018-04-01,2
20180417,2018-04-17,2018,4,2018-04-01,3
20180418,2018-04-18,2018,4,2018-04-01,4
20180419,2018-04-19,2018,4,2018-04-01,5
20180420,2018-04-20,2018,4,2018-04-01,6
20180421,2018-04-21,2018,4,2018-04-01,7
20180422,2018-04-22,2018,4,2018-04-01,1
20180423,2018-04-23,2018,4,2018-04-01,2
20180424,2018-04-24,2018,4,2018-04-01,3
20180425,2018-04-25,2018,4,2018-04-01,4
20180426,2018-04-26,2018,4,2018-04-01,5
20180427,2018-04-27,2018,4,2018-04-01,6
20180428,2018-04-28,2018,4,2018-04-01,7
20180429,2018-04-29,2018,4,2018-04-01,1
20180430,2018-04-30,2018,4,2018-04-01,2
20180501,2018-05-01,2018,5,2018-05-01,3
20180502,2018-05-02,2018,5,2018-05-01,4
20180503,2018-05-03,2018,5,2018-05-01,5
20180504,2018-05-04,2018,5,2018-05-01,6
20180505,2018-05-05,2018,5,2018-05-01,7
20180506,2018-05-06,2018,5,2018-05-01,1
20180507,2018-05-07,2018,5,2018-05-01,2
20180508,2018-05-08,2018,5,2018-05-01,3
20180509,2018-05-09,2018,5,2018-05-01,4
20180510,2018-05-10,2018,5,2018-05-01,5
20180511,2018-05-11,2018,5,2018-05-01,6
20180512,2018-05-12,2018,5,2018-05-01,7
20180513,2018-05-13,2018,5,2018-05-01,1
20180514,2018-05-14,2018,5,2018-05-01,2
20180515,2018-05-15,2018,5,2018-05-01,3
20180516,2018-05-16,2018,5,2018-05-01,4
20180517,2018-05-17,2018,5,2018-05-01,5
20180518,2018-05-18,2018,5,2018-05-01,6
20180519,2018-05-19,2018,5,2018-05-01,7
20180520,2018-05-20,2018,5,2018-05-01,1
20180521,2018-05-21,2018,5,2018-05-01,2
20180522,2018-05-22,2018,5,2018-05-01,3
20180523,2018-05-23,2018,5,2018-05-01,4
20180524,2018-05-24,2018,5,2018-05-01,5
20180525,2018-05-25,2018,5,2018-05-01,6
20180526,2018-05-26,2018,5,2018-05-01,7
20180527,2018-05-27,2018,5,2018-05-01,1
20180528,2018-05-28,2018,5,2018-05-01,2
20180529,2018-05-29,2018,5,2018-05-01,3
20180530,2018-05-30,2018,5,2018-05-01,4
20180531,2018-05-31,2018,5,2018-05-01,5
20180601,2018-06-01,2018,6,2018-06-01,6
20180602,2018-06-02,2018,6,2018-06-01,7
20180603,2018-06-03,2018,6,2018-06-01,1
20180604,2018-06-04,2018,6,2018-06-01,2
20180605,2018-06-05,2018,6,2018-06-01,3
20180606,2018-06-06,2018,6,2018-06-01,4
20180607,2018-06-07,2018,6,2018-06-01,5
20180608,2018-06-08,2018,6,2018-06-01,6
20180609,2018-06-09,2018,6,2018-06-01,7
20180610,2018-06-10,2018,6,2018-06-01,1
20180611,2018-06-11,2018,6,2018-06-01,2
20180612,2018-06-12,2018,6,2018-06-01,3
20180613,2018-06-13,2018,6,2018-06-01,4
20180614,2018-06-14,2018,6,2018-06-01,5
20180615,2018-06-15,2018,6,2018-06-01,6
20180616,2018-06-16,2018,6,2018-06-01,7
20180617,2018-06-17,2018,6,2018-06-01,1
20180618,2018-06-18,2018,6,2018-06-01,2
20180619,2018-06-19,2018,6,2018-06-01,3
20180620,2018-06-20,2018,6,2018-06-01,4
20180621,2018-06-21,2018,6,2018-06-01,5
20180622,2018-06-22,2018,6,2018-06-01,6
20180623,2018-06-23,2018,6,2018-06-01,7
20180624,2018-06-24,2018,6,2018-06-01,1
20180625,2018-06-25,2018,6,2018-06-01,2
20180626,2018-06-26,2018,6,2018-06-01,3
20180627,2018-06-27,2018,6,2018-06-01,4
20180628,2018-06-28,2018,6,2018-06-01,5
20180629,2018-06-29,2018,6,2018-06-01,6
20180630,2018-06-30,2018,6,2018-06-01,7
20180701,2018-07-01,2018,7,2018-07-01,1
20180702,2018-07-02,2018,7,2018-07-01,2
20180703,2018-07-03,2018,7,2018-07-01,3
20180704,2018-07-04,2018,7,2018-07-01,4
20180705,2018-07-05,2018,7,2018-07-01,5
20180706,2018-07-06,2018,7,2018-07-01,6
20180707,2018-07-07,2018,7,2018-07-01,7
20180708,2018-07-08,2018,7,2018-07-01,1
20180709,2018-07-09,2018,7,2018-07-01,2
20180710,2018-07-10,2018,7,2018-07-01,3
20180711,2018-07-11,2018,7,2018-07-01,4
20180712,2018-07-12,2018,7,2018-07-01,5
20180713,2018-07-13,2018,7,2018-07-01,6
20180714,2018-07-14,2018,7,2018-07-01,7
20180715,2018-07-15,2018,7,2018-07-01,1
20180716,2018-07-16,2018,7,2018-07-01,2
20180717,2018-07-17,2018,7,2018-07-01,3
20180718,2018-07-18,2018,7,2018-07-01,4
20180719,2018-07-19,2018,7,2018-07-01,5
20180720,2018-07-20,2018,7,2018-07-01,6
20180721,2018-07-21,2018,7,2018-07-01,7
20180722,2018-07-22,2018,7,2018-07-01,1
20180723,2018-07-23,2018,7,2018-07-01,2
20180724,2018-07-24,2018,7,2018-07-01,3
20180725,2018-07-25,2018,7,2018-07-01,4
20180726,2018-07-26,2018,7,2018-07-01,5
20180727,2018-07-27,2018,7,2018-07-01,6
20180728,2018-07-28,2018,7,2018-07-01,7
20180729,2018-07-29,2018,7,2018-07-01,1
20180730,2018-07-30,2018,7,2018-07-01,2
20180731,2018-07-31,2018,7,2018-07-01,3
20180801,2018-08-01,2018,8,2018-08-01,4
20180802,2018-08-02,2018,8,2018-08-01,5
20180803,2018-08-03,2018,8,2018-08-01,6
20180804,2018-08-04,2018,8,2018-08-01,7
20180805,2018-08-05,2018,8,2018-08-01,1
20180806,2018-08-06,2018,8,2018-08-01,2
20180807,2018-08-07,2018,8,2018-08-01,3
20180808,2018-08-08,2018,8,2018-08-01,4
20180809,2018-08-09,2018,8,2018-08-01,5
20180810,2018-08-10,2018,8,2018-08-01,6
20180811,2018-08-11,2018,8,2018-08-01,7
20180812,2018-08-12,2018,8,2018-08-01,1
20180813,2018-08-13,2018,8,2018-08-01,2
20180814,2018-08-14,2018,8,2018-08-01,3
