product_id,category_pt,category_en,dq_missing_category,product_photos_qty,product_weight_g,product_volume_l
1c05e0964302b6cf68ca0d15f326c6ba,moveis_escritorio,office_furniture,0,1,9375.0,56.43
310ae3c140ff94b03219ad0adc3c778f,beleza_saude,health_beauty,0,1,2000.0,5.76
368c6c730842d78016ad823897a372db,ferramentas_jardim,garden_tools,0,2,1650.0,19.8
3f27ac8e699df3d300ec4a5d8c5cf0b2,consoles_games,consoles_games,0,2,200.0,0.96
4244733e06e7ecb4970a6e2683c13e61,cool_stuff,cool_stuff,0,4,650.0,3.53
4535b0e1091c278dfd193e5a1d63b39f,livros_tecnicos,books_technical,0,1,850.0,1.83
4fa33915031a8cde03dd0d3e8fb27f01,perfumaria,perfumery,0,1,468.0,7.87
553e0e7590d3116a072507a3635d2877,cama_mesa_banho,bed_bath_table,0,5,800.0,8.0
557d850972a7d6f792fd18ae1400d9b6,ferramentas_jardim,garden_tools,0,3,13805.0,118.13
57d79905de06d8897872c551bfd09358,telefonia,telephony,0,4,300.0,0.82
5ed9eaf534f6936b51d0b6c5e4d5c2e9,cool_stuff,cool_stuff,0,3,600.0,8.4
7634da152a4610f1595efa32f14722fc,perfumaria,perfumery,0,1,200.0,2.4
8cab8abac59158715e0d70a36c807415,esporte_lazer,sports_leisure,0,4,1050.0,24.0
8d4f2bb7e93e6710a28f34fa83ee7d28,telefonia,telephony,0,1,200.0,2.7
99a4788cb24856965c36a24e339b6058,cama_mesa_banho,bed_bath_table,0,1,1383.0,20.0
ac6c3623068f30de03045865e4e10089,ferramentas_jardim,garden_tools,0,1,3750.0,42.0
b50c950aba0dcead2c48032a690ce817,esporte_lazer,sports_leisure,0,1,1800.0,4.1
c777355d18b72b67abbeef9df44fd0fd,moveis_decoracao,furniture_decor,0,2,3050.0,14.16
d63c1011f49d98b976c352955b1c4bea,beleza_saude,health_beauty,0,1,950.0,17.5
e5f2d52b802189ee658865ca93d83a8f,pet_shop,pet_shop,0,2,30000.0,60.0
ef92defde845ab8450f9d70c526ef70f,utilidades_domesticas,housewares,0,1,450.0,2.88
f177554ea93259a5b282f24e33f65ab6,fashion_bolsas_e_acessorios,fashion_bags_accessories,0,1,200.0,2.82
