order_id,customer_id,customer_unique_id,order_date_key,purchase_ts,order_status,is_revenue_order,items_qty,sellers_qty,items_value,freight_value,order_value,payment_value,main_payment_type,max_installments,is_delivered,delivery_days,promised_days,days_vs_estimate,is_late,dq_bad_chronology,review_score,has_comment,is_first_month_order
00010242fe8c5a6d1ba2dd792cb16214,3ce436f183e68e07877b285a838db11a,871766c5855e863f6eccc05f988b23cb,20170913,2017-09-13T08:59:02,delivered,1,1,1,58.9,13.29,72.19,72.19,credit_card,2,1,7.61,15.63,-9,0,0,5,1,1
00018f77f2f0320c557190d7a144bdd3,f6dd3ec061db4e3987629fe6b26e5cce,eb28e67c4c0b83846050ddfb8a35d051,20170426,2017-04-26T10:53:06,delivered,1,1,1,239.9,19.93,259.83,259.83,credit_card,3,1,16.22,18.55,-3,0,0,4,0,1
000229ec398224ef6ca0657da4fc703e,6489ae5e4333f3693df5ad4372dab6d3,3818d81c6709e39d06b2738a8d3a2474,20180114,2018-01-14T14:33:31,delivered,1,1,1,199.0,17.87,216.87,216.87,credit_card,5,1,7.95,21.39,-14,0,0,5,1,1
00024acbcdf0a6daa1e931b038114c75,d4eb9395c8c0431ee92fce09860c5a06,af861d436cfc08b2c2ddefd0ba074622,20180808,2018-08-08T10:00:35,delivered,1,1,1,12.99,12.79,25.78,25.78,credit_card,2,1,6.15,11.58,-6,0,0,4,0,1
00042b26cf59d7ce69dfabb4e55b4fd9,58dbd0b2d70206bf40e62cd34e84d795,64b576fb70d441e8f1b2d7d446e483c5,20170204,2017-02-04T13:57:51,delivered,1,1,1,199.9,18.14,218.04,218.04,credit_card,3,1,25.11,40.42,-16,0,0,5,1,1
00048cc3ae777c65dbb7d2a0634bc1ea,816cbea969fe5b689b39cfc97a506742,85c835d128beae5b4ce8602c491bf385,20170515,2017-05-15T21:42:34,delivered,1,1,1,21.9,12.69,34.59,34.59,boleto,1,1,6.67,21.1,-15,0,0,4,0,1
00054e8431b9d7675808bcb819fb4a32,32e2e6ab09e778d99bf2e0ecd4898718,635d9ac1680f03288e72ada3a1035803,20171210,2017-12-10T11:53:48,delivered,1,1,1,19.9,11.85,31.75,31.75,credit_card,1,1,8.42,24.5,-17,0,0,4,0,1
000576fe39319847cbb9d288c5617fa6,9ed5e522dd9dd85b4af4a077526d8117,fda4476abb6307ab3c415b7e6d026526,20180704,2018-07-04T12:08:27,delivered,1,1,1,810.0,70.75,880.75,880.75,credit_card,10,1,5.08,20.49,-16,0,0,5,0,1
0005a1a1728c9d785b8e2b08b904576c,16150771dfd4776261284213b89c304e,639d23421f5517f69d0c3d6e6564cf0e,20180319,2018-03-19T18:40:33,delivered,1,1,1,145.95,11.65,157.6,157.6,credit_card,3,1,9.98,9.22,0,0,0,1,1,1
0005f50442cb953dcd1d21e1fb923495,351d3cb2cee3c7fd0af6616c82df21d3,0782c41380992a5a533489063df0eef6,20180702,2018-07-02T13:59:39,delivered,1,1,1,53.99,11.4,65.39,65.39,credit_card,1,1,2.15,20.42,-19,0,0,4,0,1
00061f2a7bc09da83e415a52dc8a4af1,c6fc061d86fab1e2b2eac259bac71a49,107e6259485efac66428a56f10801f4f,20180324,2018-03-24T22:16:10,delivered,1,1,1,59.99,8.88,68.87,68.87,credit_card,3,1,4.08,15.07,-11,0,0,5,1,1
00063b381e2406b52ad429470734ebd5,6a899e55865de6549a58d2c6845e5604,3fb97204945ca0c01bcf3eee6031c5f1,20180727,2018-07-27T17:21:27,delivered,1,1,1,45.0,12.98,57.98,57.98,credit_card,5,1,10.86,10.28,0,0,0,5,1,1
0006ec9db01a64e59a68b2c340bf65a7,5d178120c29c61748ea95bac23cb8f25,7ed0ea20347f67fe61d1c99fdf8556ae,20180724,2018-07-24T17:04:17,delivered,1,1,1,74.0,23.32,97.32,97.32,credit_card,4,1,6.33,28.29,-22,0,0,5,1,1
0008288aa423d2a3f00fcb17cd7d8719,2355af7c75e7c98b43a87b2a7f210dc5,9e4159995424971423b98c4a8bc11529,20180213,2018-02-13T22:10:21,delivered,1,2,1,99.8,26.74,126.54,126.54,boleto,1,1,12.66,20.08,-8,0,0,5,0,1
0009792311464db532ff765bf7b182ae,2a30c97668e81df7c17a8b14447aeeba,4987996ddcd0ddb20740fdce7c2bfbb1,20180814,2018-08-14T20:43:09,delivered,1,1,1,99.9,27.65,127.55,127.55,boleto,1,1,7.64,13.14,-6,0,0,5,0,1
0009c9a17f916a706d71784483a5d643,8a250edc40ebc5c3940ebc940f16a7eb,6062db572f3ef38b7a8ff4307abbfad3,20180425,2018-04-25T09:10:41,delivered,1,1,1,639.0,11.34,650.34,650.34,credit_card,6,1,5.36,13.62,-9,0,0,4,0,1
000aed2e25dbad2f9ddb70584c5a2ded,fff5169e583fd07fac9fec88962f189d,6457be0b331148fb5454efc88d1e03d9,20180511,2018-05-11T20:33:38,delivered,1,1,1,144.0,8.77,152.77,152.77,credit_card,1,1,6.84,10.14,-4,0,0,1,1,1
000c3e6612759851cc3cbb4b83257986,3773bcf1a6fbd29233ea1c1b573c4f22,f5f088001070650f9e9a8cd773621f35,20170812,2017-08-12T10:08:57,delivered,1,1,1,99.0,13.71,112.71,112.71,boleto,1,1,7.22,19.58,-13,0,0,5,1,1
000e562887b1f2006d75e0be9558292e,2b01d668726fb0b751c55918c0437b7b,b2c72d1e9f6430603b8337d8f1394a99,20180222,2018-02-22T11:54:42,delivered,1,1,1,25.0,16.11,41.11,41.11,credit_card,4,1,18.29,24.5,-7,0,0,3,1,1
000e63d38ae8c00bbcb5a30573b99628,98884e672c5ba85f4394f2044e1a3eab,860fc00d3154ce2346c43ebe47b9b6ce,20180323,2018-03-23T19:48:26,delivered,1,1,1,47.9,8.88,56.78,56.78,credit_card,1,1,3.79,12.17,-9,0,0,3,1,1
000e906b789b55f64edcb1f84030f90d,6a3b2fc9f270df258605e22bef19fd88,3588484a539617d91500764822230fb6,20171121,2017-11-21T18:54:23,delivered,1,1,1,21.99,11.85,33.84,33.84,credit_card,3,1,17.94,15.21,2,1,0,3,0,1
000f25f4d72195062c040b12dce9a18a,86ade8ebc14f18dd6c3ea75bd0eb7534,1a6cbc34ea404cb0af7ed74df0999354,20180307,2018-03-07T10:33:13,delivered,1,1,1,119.99,44.4,164.39,164.39,credit_card,1,1,15.26,34.56,-20,0,0,4,0,1
