order_id,order_item_id,product_id,seller_id,customer_id,order_date_key,order_status,is_revenue_order,price,freight_value,item_total,is_price_outlier_iqr3,is_price_top1pct,is_freight_gt_price
00010242fe8c5a6d1ba2dd792cb16214,1,4244733e06e7ecb4970a6e2683c13e61,48436dade18ac8b2bce089ec2a041202,3ce436f183e68e07877b285a838db11a,20170913,delivered,1,58.9,13.29,72.19,0,0,0
00018f77f2f0320c557190d7a144bdd3,1,e5f2d52b802189ee658865ca93d83a8f,dd7ddc04e1b6c2c614352b383efe2d36,f6dd3ec061db4e3987629fe6b26e5cce,20170426,delivered,1,239.9,19.93,259.83,0,0,0
000229ec398224ef6ca0657da4fc703e,1,c777355d18b72b67abbeef9df44fd0fd,5b51032eddd242adc84c38acab88f23d,6489ae5e4333f3693df5ad4372dab6d3,20180114,delivered,1,199.0,17.87,216.87,0,0,0
00024acbcdf0a6daa1e931b038114c75,1,7634da152a4610f1595efa32f14722fc,9d7a1d34a5052409006425275ba1c2b4,d4eb9395c8c0431ee92fce09860c5a06,20180808,delivered,1,12.99,12.79,25.78,0,0,0
00042b26cf59d7ce69dfabb4e55b4fd9,1,ac6c3623068f30de03045865e4e10089,df560393f3a51e74553ab94004ba5c87,58dbd0b2d70206bf40e62cd34e84d795,20170204,delivered,1,199.9,18.14,218.04,0,0,0
00048cc3ae777c65dbb7d2a0634bc1ea,1,ef92defde845ab8450f9d70c526ef70f,6426d21aca402a131fc0a5d0960a3c90,816cbea969fe5b689b39cfc97a506742,20170515,delivered,1,21.9,12.69,34.59,0,0,0
00054e8431b9d7675808bcb819fb4a32,1,8d4f2bb7e93e6710a28f34fa83ee7d28,7040e82f899a04d1b434b795a43b4617,32e2e6ab09e778d99bf2e0ecd4898718,20171210,delivered,1,19.9,11.85,31.75,0,0,0
000576fe39319847cbb9d288c5617fa6,1,557d850972a7d6f792fd18ae1400d9b6,5996cddab893a4652a15592fb58ab8db,9ed5e522dd9dd85b4af4a077526d8117,20180704,delivered,1,810.0,70.75,880.75,1,1,0
0005a1a1728c9d785b8e2b08b904576c,1,310ae3c140ff94b03219ad0adc3c778f,a416b6a846a11724393025641d4edd5e,16150771dfd4776261284213b89c304e,20180319,delivered,1,145.95,11.65,157.6,0,0,0
0005f50442cb953dcd1d21e1fb923495,1,4535b0e1091c278dfd193e5a1d63b39f,ba143b05f0110f0dc71ad71b4466ce92,351d3cb2cee3c7fd0af6616c82df21d3,20180702,delivered,1,53.99,11.4,65.39,0,0,0
00061f2a7bc09da83e415a52dc8a4af1,1,d63c1011f49d98b976c352955b1c4bea,cc419e0650a3c5ba77189a1882b7556a,c6fc061d86fab1e2b2eac259bac71a49,20180324,delivered,1,59.99,8.88,68.87,0,0,0
00063b381e2406b52ad429470734ebd5,1,f177554ea93259a5b282f24e33f65ab6,8602a61d680a10a82cceeeda0d99ea3d,6a899e55865de6549a58d2c6845e5604,20180727,delivered,1,45.0,12.98,57.98,0,0,0
0006ec9db01a64e59a68b2c340bf65a7,1,99a4788cb24856965c36a24e339b6058,4a3ca9315b744ce9f8e9374361493884,5d178120c29c61748ea95bac23cb8f25,20180724,delivered,1,74.0,23.32,97.32,0,0,0
0008288aa423d2a3f00fcb17cd7d8719,1,368c6c730842d78016ad823897a372db,1f50f920176fa81dab994f9023523100,2355af7c75e7c98b43a87b2a7f210dc5,20180213,delivered,1,49.9,13.37,63.27,0,0,0
0008288aa423d2a3f00fcb17cd7d8719,2,368c6c730842d78016ad823897a372db,1f50f920176fa81dab994f9023523100,2355af7c75e7c98b43a87b2a7f210dc5,20180213,delivered,1,49.9,13.37,63.27,0,0,0
0009792311464db532ff765bf7b182ae,1,8cab8abac59158715e0d70a36c807415,530ec6109d11eaaf87999465c6afee01,2a30c97668e81df7c17a8b14447aeeba,20180814,delivered,1,99.9,27.65,127.55,0,0,0
0009c9a17f916a706d71784483a5d643,1,3f27ac8e699df3d300ec4a5d8c5cf0b2,fcb5ace8bcc92f75707dc0f01a27d269,8a250edc40ebc5c3940ebc940f16a7eb,20180425,delivered,1,639.0,11.34,650.34,1,0,0
000aed2e25dbad2f9ddb70584c5a2ded,1,4fa33915031a8cde03dd0d3e8fb27f01,fe2032dab1a61af8794248c8196565c9,fff5169e583fd07fac9fec88962f189d,20180511,delivered,1,144.0,8.77,152.77,0,0,0
000c3e6612759851cc3cbb4b83257986,1,b50c950aba0dcead2c48032a690ce817,218d46b86c1881d022bce9c68a7d4b15,3773bcf1a6fbd29233ea1c1b573c4f22,20170812,delivered,1,99.0,13.71,112.71,0,0,0
000e562887b1f2006d75e0be9558292e,1,5ed9eaf534f6936b51d0b6c5e4d5c2e9,8cbac7e12637ed9cffa18c7875207478,2b01d668726fb0b751c55918c0437b7b,20180222,delivered,1,25.0,16.11,41.11,0,0,0
000e63d38ae8c00bbcb5a30573b99628,1,553e0e7590d3116a072507a3635d2877,1c129092bf23f28a5930387c980c0dfc,98884e672c5ba85f4394f2044e1a3eab,20180323,delivered,1,47.9,8.88,56.78,0,0,0
000e906b789b55f64edcb1f84030f90d,1,57d79905de06d8897872c551bfd09358,ea8482cd71df3c1969d7b9473ff13abc,6a3b2fc9f270df258605e22bef19fd88,20171121,delivered,1,21.99,11.85,33.84,0,0,0
000f25f4d72195062c040b12dce9a18a,1,1c05e0964302b6cf68ca0d15f326c6ba,7c67e1448b00f6e969d365cea6b010ab,86ade8ebc14f18dd6c3ea75bd0eb7534,20180307,delivered,1,119.99,44.4,164.39,0,0,0
